ID	atp6	atp8	cob	cox1	cox2	cox3	nad1	nad2	nad3	nad4	nad4L	nad5	nad6
NA20770	0	0	1	0	0	0	0	0	1	0	0	0	0
NA12890	0	0	0	0	0	0	0	0	0	1	0	0	0
NA19248	0	0	2	0	0	0	0	0	0	0	0	1	0
NA20287	1	0	1	0	0	1	0	0	0	0	1	0	1
NA20796	0	0	0	1	1	0	0	0	0	0	0	0	0
NA18942	0	0	0	0	0	1	0	0	0	1	1	0	0
HG00251	0	0	0	1	0	0	0	0	0	0	0	1	0
NA19190	0	0	0	0	0	0	1	0	0	0	0	1	0
HG01455	0	0	1	0	0	0	0	0	0	0	0	1	0
HG01494	0	0	0	0	0	0	0	1	0	0	0	0	0
HG00252	0	0	0	0	0	0	0	0	0	1	0	1	0
NA18613	0	1	0	0	0	0	1	0	0	1	0	1	0
HG00641	0	0	2	0	0	0	0	0	0	0	0	0	0
NA18573	0	0	1	0	0	0	0	0	0	0	0	0	0
NA19065	0	1	0	0	1	0	1	0	0	2	0	0	0
NA20535	0	0	1	0	0	0	0	0	0	0	0	0	0
NA18628	0	0	0	0	0	0	0	0	0	0	0	1	0
NA12286	0	0	1	0	0	0	0	0	0	0	0	0	0
HG00280	1	0	0	0	0	0	0	0	0	0	0	0	0
HG00267	0	0	0	1	0	2	1	0	0	0	0	0	0
NA18576	0	0	1	0	0	0	1	0	0	1	0	1	0
HG00607	0	0	0	0	1	0	0	0	0	0	0	1	0
NA20542	0	0	0	1	0	0	0	0	0	0	0	1	0
HG00534	0	0	0	0	0	1	0	0	0	1	0	0	0
NA20773	0	0	2	0	0	0	1	1	0	0	0	1	0
HG00457	0	0	1	0	0	0	0	0	0	0	0	0	0
NA19114	0	0	0	0	0	1	0	0	0	0	0	0	0
HG01069	0	0	3	0	0	0	0	0	1	1	0	5	2
HG00593	0	0	1	0	0	1	0	0	0	0	0	0	0
HG00361	0	0	0	0	0	0	1	0	0	0	0	0	0
NA18963	1	0	0	0	0	0	0	0	0	0	0	0	1
NA19453	0	0	0	0	0	0	0	0	1	1	0	0	0
HG01492	0	0	0	0	0	0	0	0	0	0	0	2	0
NA19197	0	0	0	0	0	1	0	0	0	0	0	1	0
NA18620	0	0	1	1	0	0	0	0	0	0	0	0	0
HG00367	0	0	4	0	2	0	0	0	0	1	1	2	0
HG00096	0	0	1	0	0	0	0	0	0	0	0	0	1
HG00559	0	0	1	0	0	1	0	0	0	0	0	0	0
HG00701	0	0	0	0	0	0	0	0	1	0	0	0	0
NA20799	0	0	0	0	0	0	0	0	0	0	0	1	0
HG00262	0	0	2	0	0	1	0	0	0	2	0	0	0
HG00111	0	0	1	0	0	2	1	1	0	1	0	0	0
NA19328	0	0	1	0	0	0	0	0	0	0	0	1	0
NA19096	0	0	0	1	0	0	1	0	0	0	0	0	0
HG00142	0	0	1	1	0	0	0	1	0	2	0	0	0
NA18861	0	0	0	0	0	0	0	0	0	1	0	0	0
NA19066	0	0	0	0	0	0	0	0	0	0	0	0	1
NA18553	0	0	0	0	0	1	0	0	0	0	0	1	0
NA19175	1	0	0	0	0	0	0	0	0	0	0	1	0
NA18908	0	0	0	1	1	0	0	0	0	0	0	0	0
HG01101	0	0	0	0	0	2	0	0	0	0	0	1	0
HG00373	0	0	1	0	0	0	0	0	0	0	0	0	0
NA12003	0	0	0	1	0	0	0	0	0	0	1	1	1
NA20760	1	0	0	0	1	0	0	0	0	1	0	0	0
HG00705	0	0	0	0	0	1	1	0	0	1	0	0	0
NA18610	0	0	0	0	0	0	0	0	0	0	0	1	0
HG01516	0	0	0	0	0	0	0	0	0	1	0	0	0
NA19307	0	0	0	0	1	0	1	0	0	0	0	0	0
NA19713	0	0	0	1	0	0	0	0	0	1	0	5	0
NA20342	0	0	1	0	0	0	0	1	1	0	0	0	0
NA19083	0	0	1	0	0	0	0	0	0	0	0	1	0
HG00626	0	0	0	0	0	0	0	0	0	1	0	0	0
HG01095	1	1	0	1	0	1	0	0	0	1	0	1	0
NA19095	0	0	0	1	0	0	0	0	1	0	0	1	1
HG00275	0	0	2	0	0	0	0	0	0	0	1	0	0
NA20341	0	0	0	0	0	0	1	0	0	1	0	0	0
HG00138	0	0	0	0	1	0	1	1	0	0	0	2	0
NA19382	0	0	0	0	0	0	0	0	0	2	0	0	1
NA20819	0	0	0	0	0	0	1	1	0	0	0	1	1
NA19704	2	0	1	0	0	0	1	0	0	0	0	0	1
NA18986	0	0	0	0	0	0	0	0	0	1	0	0	0
NA19393	0	0	0	3	0	1	1	1	0	0	0	0	0
NA19384	0	0	0	0	0	0	0	0	0	1	0	1	0
NA19776	0	0	0	0	0	0	0	0	0	0	0	2	0
NA20816	0	0	1	0	0	1	1	0	0	0	0	1	0
NA18749	0	0	0	0	1	0	0	0	0	0	2	1	0
NA19904	0	0	1	0	0	1	0	0	0	3	1	1	0
HG00343	0	0	0	0	0	1	0	0	0	0	0	0	0
HG00463	0	0	0	0	0	0	0	0	0	0	0	1	0
HG00376	0	0	0	0	0	0	0	0	0	0	0	1	0
HG01619	1	0	0	0	0	0	0	0	0	0	0	0	0
NA19005	0	0	0	0	0	1	0	1	0	1	0	0	1
NA18624	0	0	0	0	0	0	0	1	0	0	0	2	0
NA20504	0	0	0	1	0	0	1	2	0	0	0	0	0
NA18627	0	0	0	0	0	0	0	0	0	0	0	1	0
HG01174	0	0	0	0	0	0	0	0	0	0	0	2	0
HG01461	1	0	0	1	0	0	1	1	0	0	0	1	0
HG00128	0	0	0	0	1	0	0	1	1	0	0	0	0
HG00524	0	0	1	1	0	0	0	0	0	0	0	0	0
NA19075	0	0	0	0	0	0	1	0	0	0	0	0	0
HG01274	1	0	1	1	0	2	0	0	0	1	0	0	1
NA20539	0	0	1	0	0	1	0	0	0	1	0	1	0
HG00699	0	0	0	0	0	0	0	0	0	1	0	0	0
NA19398	0	0	0	0	0	0	1	1	0	0	0	0	0
NA20759	0	0	0	0	0	0	0	0	0	1	0	0	0
NA18527	1	0	1	0	1	0	1	0	0	3	0	2	0
NA19657	0	0	1	0	0	0	0	0	0	0	0	0	0
HG00112	0	0	1	0	0	0	0	1	0	1	1	0	1
NA19466	0	0	0	0	0	0	1	0	0	0	0	0	0
HG00099	0	0	1	0	1	0	0	0	0	1	0	0	0
NA18909	0	0	0	1	0	0	0	0	0	0	0	1	0
HG00268	0	0	1	0	0	0	0	0	0	0	0	0	0
NA18611	0	0	0	0	1	0	0	0	0	0	0	0	0
NA18616	0	0	1	0	0	0	0	0	0	1	1	1	0
NA12340	0	0	0	0	0	0	0	0	0	0	0	1	0
NA20800	0	0	0	0	0	0	0	0	1	0	0	1	0
NA18923	1	0	0	0	0	2	1	0	1	0	0	0	0
NA19703	1	3	2	0	2	2	2	1	0	8	2	5	1
HG00188	0	0	0	1	0	0	1	0	0	0	0	1	0
HG01522	0	0	0	0	0	0	1	0	0	0	0	0	0
NA20543	0	0	0	0	0	0	0	0	0	1	0	0	1
HG01133	0	0	0	0	0	0	0	0	0	1	1	0	0
NA19172	0	0	0	0	0	0	0	0	0	1	0	0	0
NA12273	0	0	0	0	0	0	0	0	0	0	0	1	0
HG01489	0	0	0	2	2	0	1	0	0	1	0	1	0
HG01626	2	1	6	3	2	1	2	1	0	2	0	8	1
NA18487	0	0	0	2	0	0	0	0	0	2	0	0	0
HG01073	0	0	0	1	0	1	1	0	0	1	0	3	0
NA12341	0	0	1	1	1	0	0	0	0	0	0	0	0
HG01344	0	0	0	1	0	0	0	0	0	0	0	0	0
HG01625	0	1	1	0	0	0	0	1	0	1	0	0	0
NA19204	0	0	0	0	0	0	0	1	0	0	0	0	0
NA18980	0	0	0	0	0	0	0	0	0	0	0	1	0
HG00235	1	1	1	0	0	0	0	0	0	1	0	0	0
NA19455	0	0	1	1	0	1	2	0	0	0	0	1	0
NA19780	0	0	0	0	0	0	0	1	0	1	0	0	1
HG00281	0	0	0	0	0	0	0	0	0	0	0	2	0
NA18745	0	0	0	0	0	0	1	1	0	2	0	1	0
HG00119	0	0	0	0	0	0	0	0	1	0	0	0	1
HG00140	0	0	0	0	0	0	0	1	1	0	0	1	0
NA20818	1	0	0	0	0	0	0	0	0	0	0	0	0
NA18548	1	1	0	0	0	0	0	0	0	0	0	0	0
NA20775	0	0	1	1	1	0	0	0	0	0	0	1	0
HG01080	0	0	1	1	0	0	0	2	0	1	0	1	1
NA20521	0	0	1	0	0	0	0	1	0	1	0	2	0
NA18961	0	0	0	0	0	0	0	0	0	1	0	0	0
NA19338	0	0	0	1	0	0	2	0	0	0	0	0	0
HG01275	0	0	0	0	0	0	2	0	0	0	0	0	0
HG00126	0	0	0	1	1	0	1	0	0	0	0	2	1
HG00097	0	0	0	0	0	0	0	0	0	0	0	1	0
NA12249	0	0	1	0	0	0	0	0	0	0	0	1	0
HG00182	0	0	0	0	0	1	0	0	0	0	0	1	0
NA19661	0	0	0	2	0	0	0	0	0	0	0	0	0
NA19701	1	0	0	0	1	0	0	1	0	1	0	0	0
NA20814	0	0	1	2	1	0	0	0	0	1	0	1	0
NA12830	0	0	0	0	0	0	0	0	0	1	0	2	0
HG01066	0	0	1	0	0	0	0	0	0	0	0	0	0
NA19000	0	0	0	0	0	0	0	0	0	0	0	1	0
NA20752	0	0	1	0	1	0	0	1	0	0	0	0	0
NA12889	0	0	1	0	0	1	0	0	0	1	0	0	0
NA18934	0	0	1	0	0	1	0	0	0	0	0	0	0
NA19734	0	0	0	0	1	0	0	0	0	0	0	0	0
NA10847	0	0	1	0	0	0	0	0	0	0	0	0	0
HG00238	0	0	0	0	0	1	0	0	1	0	0	1	0
NA19007	0	0	0	0	0	1	0	0	0	1	0	0	1
NA19467	0	0	1	0	0	0	0	0	0	0	0	0	0
NA12347	0	0	1	0	0	0	0	0	0	0	0	0	0
NA19383	0	0	0	1	0	0	0	1	0	1	0	0	0
NA12058	0	0	0	0	0	0	1	0	0	0	0	0	0
HG00663	0	0	0	0	0	0	0	0	0	0	0	2	0
NA19719	0	1	1	0	0	0	0	0	1	0	0	2	0
NA19078	0	0	0	1	0	0	0	0	0	0	0	0	0
HG01113	0	0	1	0	0	0	0	0	0	0	0	0	0
HG00264	0	0	1	0	0	0	0	1	0	1	0	1	0
HG00638	0	0	1	1	0	0	0	0	0	0	0	0	0
NA06984	0	0	0	1	0	0	0	0	0	0	0	0	0
NA18990	1	0	6	1	2	1	0	1	2	2	0	2	1
HG00148	0	0	0	0	1	0	0	1	1	1	0	1	0
NA19795	1	0	1	0	0	0	2	0	0	2	0	0	0
NA18619	0	1	1	0	0	1	0	0	0	0	0	1	0
HG01378	0	0	0	0	1	1	0	0	0	0	0	0	0
HG00331	0	0	0	0	0	0	1	0	0	0	0	1	0
NA20790	0	0	1	0	0	0	0	0	0	0	0	1	0
NA19036	0	0	0	0	0	1	0	0	0	0	0	0	0
NA20525	0	0	0	2	0	0	0	0	0	1	0	0	1
NA18642	0	0	2	0	0	1	1	0	0	1	0	0	0
NA19436	2	0	1	0	1	0	0	0	0	1	0	0	0
NA19067	1	0	0	0	0	0	1	0	0	1	0	0	0
NA18522	0	0	0	1	1	0	1	0	0	1	0	1	1
HG00311	0	0	1	0	1	0	0	0	0	1	1	1	0
NA20768	0	0	1	0	0	0	0	0	0	0	0	1	0
HG00339	0	0	0	0	0	0	0	0	0	0	1	0	0
NA18561	0	0	0	0	1	0	1	0	0	1	0	0	0
NA20758	0	0	2	1	0	1	0	0	0	0	0	1	0
NA19160	0	0	0	0	0	0	0	0	0	3	0	1	0
NA20802	0	0	0	0	0	1	0	0	0	1	0	1	0
HG00110	0	0	0	0	0	0	0	0	0	1	0	0	0
NA19920	1	0	1	2	1	2	2	0	0	1	1	0	0
NA20785	0	0	2	0	1	1	1	0	0	0	0	1	0
NA19726	0	0	0	0	0	0	1	0	0	1	0	3	0
NA19060	0	0	0	0	0	0	0	0	0	0	1	1	0
NA18975	0	0	0	0	0	0	0	0	0	1	0	2	0
NA19474	0	0	0	1	0	0	0	0	0	0	0	0	1
HG00158	0	1	0	0	0	0	1	0	0	0	0	0	0
HG00657	0	0	1	0	0	0	0	0	0	1	0	0	0
NA19313	0	0	1	0	0	0	0	0	0	1	0	0	0
NA19651	0	0	1	0	1	1	0	0	0	0	0	2	0
NA19773	0	0	0	0	0	1	0	0	0	0	0	0	0
NA20787	0	0	1	0	0	0	0	0	0	0	0	0	0
NA18517	0	1	0	1	0	0	0	0	0	0	0	0	0
HG01441	0	0	0	0	0	0	1	0	0	0	0	2	0
NA19654	0	1	1	0	0	0	0	0	0	2	0	0	0
NA19835	0	0	1	0	0	0	0	1	0	0	0	1	0
NA19457	0	1	0	0	1	0	0	0	0	1	0	0	0
HG00683	0	0	0	0	0	1	0	1	0	0	0	2	0
NA19084	1	0	2	1	0	0	0	1	1	0	0	2	0
NA18614	0	0	0	0	0	0	1	0	0	0	0	0	0
HG00236	0	0	2	0	0	0	0	0	0	1	0	0	0
NA18615	0	0	0	0	0	1	1	1	0	1	0	1	0
NA19116	0	0	0	0	0	0	1	0	0	1	0	1	0
NA19146	0	0	0	0	0	1	1	0	0	0	0	0	0
HG00234	0	0	0	1	0	0	1	0	1	1	0	0	0
NA19755	0	0	0	0	1	1	0	0	0	0	0	1	0
HG00672	0	0	0	0	0	1	1	1	0	0	0	2	0
NA19003	0	0	0	0	0	0	0	0	0	0	0	2	0
NA20281	0	0	0	0	0	0	0	0	0	0	0	2	0
HG00634	0	0	0	0	0	0	0	0	0	2	0	1	0
NA19984	0	0	0	0	0	0	1	0	0	0	0	1	1
NA18579	0	0	0	0	0	0	1	0	0	0	0	1	0
NA18501	0	0	0	0	0	1	0	0	0	0	0	0	0
NA19113	0	0	1	0	0	0	0	0	1	0	0	0	0
HG00358	0	0	0	0	0	0	2	0	0	2	0	0	0
NA12154	0	0	0	0	0	0	0	0	0	0	0	1	0
NA19056	0	0	1	0	0	0	0	0	0	0	0	0	0
NA20520	0	0	0	0	0	0	1	0	0	1	0	0	0
NA11933	0	0	1	0	0	0	0	0	0	0	0	0	0
NA18988	0	0	0	1	0	0	0	0	0	0	0	2	0
HG01519	0	0	0	1	0	0	0	0	0	1	0	1	0
NA18574	2	0	4	3	1	3	2	3	2	5	0	2	0
NA12751	0	0	1	0	0	0	0	0	0	0	0	1	0
NA20807	0	0	0	0	1	0	0	0	0	1	0	0	0
NA18640	2	0	0	0	0	1	2	0	0	3	0	1	1
HG00261	0	0	2	0	0	0	0	0	0	0	1	3	0
HG00312	0	0	0	0	0	0	0	0	0	0	0	1	0
NA20344	0	0	1	0	0	0	0	0	0	1	0	0	0
NA18951	0	0	0	0	0	1	0	0	0	0	0	1	0
HG00592	1	0	2	0	0	1	0	0	0	0	0	1	0
NA20278	0	0	0	0	0	0	0	0	0	1	0	0	0
NA11831	0	0	0	0	0	0	1	0	0	1	0	1	0
NA19088	0	0	0	0	0	0	0	0	0	1	1	2	0
NA20534	0	0	1	0	1	1	0	0	0	0	0	0	0
NA19452	0	0	0	2	2	1	2	2	0	2	0	2	1
NA20332	0	0	0	2	0	0	1	0	1	0	0	1	0
HG00684	0	0	0	0	0	0	1	0	0	0	0	0	0
NA18858	0	0	0	0	0	0	0	0	0	1	0	0	0
NA19762	0	0	0	1	0	0	0	0	0	2	0	0	0
HG00533	0	0	1	1	0	1	1	0	2	0	0	0	0
NA19908	0	0	1	1	0	0	0	0	0	2	0	0	1
HG00240	0	0	0	0	0	0	0	0	0	0	0	0	1
NA19371	0	0	2	0	0	0	0	1	0	0	0	0	0
NA19923	0	0	0	0	0	0	0	0	0	1	0	0	0
HG00313	0	0	0	0	1	0	0	0	0	0	1	0	0
NA19438	1	0	0	0	0	0	0	0	1	0	0	0	0
NA19672	1	0	2	0	0	0	0	0	1	1	0	1	0
NA20527	0	0	0	0	1	0	0	1	0	0	0	0	0
NA18952	1	0	0	0	0	0	0	0	0	0	0	0	0
HG00689	0	0	0	0	0	0	0	0	0	1	0	1	0
HG01624	0	0	0	0	0	0	0	0	0	0	0	1	0
NA19648	0	0	0	0	0	0	0	1	0	0	0	0	1
NA18957	0	0	1	0	0	0	1	0	0	1	0	1	0
HG00246	0	0	0	0	0	0	0	1	1	0	1	0	0
NA18605	0	0	0	0	0	0	0	1	0	0	0	0	0
NA18535	0	0	0	0	0	0	1	0	0	0	0	0	0
HG00344	0	0	2	0	0	1	1	0	0	0	0	0	0
NA18541	0	0	0	0	0	0	0	0	0	1	0	0	1
NA20533	0	0	0	0	0	0	0	0	0	3	0	2	0
HG00143	0	0	1	1	0	0	0	0	1	1	1	0	0
NA20340	0	0	1	2	0	0	0	0	0	1	0	0	0
NA19741	0	1	0	0	0	0	1	0	0	0	0	0	0
HG00708	0	0	0	0	0	0	0	1	0	1	0	0	0
HG00325	0	0	0	0	0	0	0	1	0	0	0	0	0
NA20357	0	0	2	0	0	0	0	0	0	0	0	0	0
NA11994	0	0	0	1	0	0	0	0	0	0	0	0	0
NA19020	0	0	2	0	0	0	1	0	0	2	0	1	1
NA19470	0	0	0	0	1	0	0	0	0	0	1	1	0
NA20809	0	0	0	0	0	0	0	1	0	0	0	0	0
NA19678	0	0	1	0	1	1	0	0	0	0	0	1	0
HG00254	1	0	0	0	0	1	0	0	0	0	0	0	0
HG01278	0	0	0	0	0	0	0	0	0	0	0	2	0
NA19009	0	0	0	0	0	0	0	0	0	0	1	0	0
NA19138	0	0	0	0	1	0	0	1	0	0	0	0	0
HG00139	0	0	0	0	0	0	0	0	0	0	0	0	1
NA19098	0	0	0	0	0	0	0	0	0	0	0	1	0
HG01437	0	0	2	0	0	0	1	0	0	2	0	2	0
HG00237	0	0	0	0	1	0	0	0	0	2	0	1	0
HG00108	0	0	0	0	0	0	0	0	0	2	0	1	0
HG01345	0	0	0	0	0	0	0	0	0	1	0	1	0
HG00654	0	0	1	0	0	0	0	0	0	0	0	0	0
NA20414	0	0	2	1	1	1	2	0	0	2	0	2	0
HG00319	0	0	1	0	0	1	0	0	0	2	0	0	0
HG00671	0	0	0	1	1	0	1	0	0	3	0	2	0
NA19473	0	0	1	1	0	0	0	0	0	1	0	0	0
NA20412	0	0	0	0	1	0	0	1	1	2	0	0	0
HG01359	0	0	0	1	0	0	0	1	1	0	0	2	0
HG01390	0	0	0	0	0	0	0	0	0	0	0	1	0
NA20294	0	1	2	0	0	0	0	0	0	1	0	1	0
HG01183	0	0	0	0	0	0	0	0	0	0	0	1	0
NA18647	0	0	0	0	0	1	1	0	0	0	0	0	0
NA19310	0	0	1	1	0	0	1	0	0	0	0	0	0
HG00159	0	0	1	0	0	0	0	0	0	2	0	1	0
NA19437	0	0	0	0	0	0	0	1	0	0	0	0	0
NA19063	0	0	0	0	0	0	1	0	0	0	0	0	0
NA19081	0	0	0	0	0	0	0	0	0	0	0	1	0
NA18564	0	0	0	0	0	0	1	0	0	0	0	0	0
HG01491	0	0	0	0	0	0	0	0	0	0	0	1	0
NA19082	0	0	0	0	0	0	0	0	0	1	0	0	0
NA18516	0	0	0	0	1	0	1	1	0	0	0	2	0
HG00577	0	0	1	0	0	1	0	0	0	0	1	0	0
NA18912	0	0	2	0	0	0	0	1	0	0	0	0	0
NA19468	1	0	0	0	0	0	0	0	0	0	0	0	0
NA19625	0	0	3	1	0	0	0	0	0	2	0	0	0
NA19079	0	0	0	0	0	0	0	0	0	0	0	1	0
NA19682	0	0	0	0	0	1	0	0	0	1	0	1	0
NA19472	0	0	0	1	0	0	0	0	0	0	0	1	0
NA19062	0	0	0	0	0	0	1	0	0	0	0	0	0
HG00231	0	1	0	1	0	0	0	0	0	1	0	1	0
HG00608	0	0	1	0	0	0	0	1	1	0	0	1	0
NA19764	0	0	1	0	0	0	2	0	0	0	0	0	0
HG01354	0	0	0	0	0	0	0	0	1	0	0	0	0
NA20518	0	0	0	0	0	0	0	1	0	2	0	1	0
NA19137	0	0	0	0	0	0	0	0	0	1	0	1	0
HG00436	0	0	0	0	0	1	0	0	0	0	0	0	0
NA12383	0	0	0	0	1	0	0	0	0	0	0	0	0
NA19121	0	0	1	0	0	0	1	0	0	2	0	2	0
NA20505	0	0	1	0	1	0	0	0	0	0	0	0	0
HG01082	0	0	0	0	0	0	0	0	0	1	0	0	0
NA19118	0	0	1	0	0	1	3	0	0	3	0	0	0
NA18596	0	0	0	1	0	0	0	0	0	0	0	0	0
NA19321	0	0	0	0	1	1	0	0	0	0	0	1	0
NA18523	0	0	0	0	0	0	0	0	0	0	0	1	0
HG00146	0	0	0	1	0	0	0	0	0	0	0	1	0
HG00737	0	0	0	0	0	2	0	0	0	0	0	0	1
NA18954	0	0	0	0	0	0	1	0	0	0	0	0	0
HG00272	0	0	0	0	1	0	2	0	0	1	0	0	0
NA12842	0	0	0	0	0	0	0	0	0	0	0	1	0
HG01334	0	0	0	1	0	0	0	0	0	0	0	0	0
NA20336	0	0	0	0	0	0	0	0	0	0	0	1	1
HG00243	0	0	1	0	0	0	0	0	0	1	0	0	0
HG00350	0	0	1	0	0	0	1	0	0	1	0	0	0
NA20812	0	0	1	1	0	1	0	1	0	0	1	1	0
HG00114	0	0	0	1	0	1	0	0	0	0	0	0	0
NA19818	1	0	0	2	0	0	0	0	0	0	0	1	0
NA20581	0	0	0	0	0	1	0	0	0	0	0	0	0
HG01357	0	0	0	0	1	1	1	0	0	2	0	0	0
NA20522	0	0	1	1	0	0	0	0	0	1	0	1	0
HG00625	0	0	1	0	1	0	0	0	0	0	0	2	0
NA20516	0	0	0	0	0	0	1	0	0	0	0	0	0
HG01067	0	0	2	1	0	0	0	0	0	1	1	3	0
HG00106	0	0	0	0	0	1	0	1	1	0	1	1	0
HG01052	0	0	1	0	1	1	1	0	0	0	0	2	0
HG00611	1	0	0	0	0	0	1	0	0	0	0	0	0
HG00258	0	1	2	0	0	0	0	0	2	0	1	3	0
NA19247	0	0	2	0	0	0	0	0	1	0	0	2	1
NA20769	0	0	1	1	2	0	0	0	0	1	0	0	0
NA20774	0	0	0	0	1	0	0	1	0	2	0	0	0
NA20761	0	0	0	0	0	0	0	0	0	1	0	2	0
HG00734	0	0	0	0	0	0	0	0	1	0	1	0	1
NA19379	0	0	0	1	0	0	0	0	0	0	0	0	0
HG00448	0	0	0	0	0	0	0	0	0	0	1	0	0
NA18639	0	0	0	0	0	0	0	0	0	0	0	0	1
NA19309	0	0	1	1	0	0	1	0	0	0	1	0	1
NA19444	0	0	0	0	1	0	0	0	0	1	0	1	0
NA20815	1	0	0	0	0	1	0	0	0	0	0	2	0
NA20798	0	0	0	0	0	0	0	0	0	2	0	1	0
NA18976	0	0	0	0	0	0	0	0	0	1	0	0	0
NA20589	0	0	2	0	0	0	0	0	0	1	0	2	0
NA19317	0	1	0	0	0	0	0	0	0	1	0	0	0
NA20346	0	0	0	0	0	0	0	0	0	3	0	1	0
NA20291	0	0	0	0	0	0	0	0	0	0	0	1	0
NA18985	0	1	0	0	0	0	0	0	0	1	0	1	0
HG00180	0	0	1	0	1	1	0	0	0	1	0	1	0
HG00357	0	0	0	0	0	0	0	0	0	0	0	1	0
HG00173	0	0	2	0	1	0	0	0	1	0	0	0	0
NA19451	0	0	0	1	0	0	0	1	0	0	0	1	1
HG00595	0	0	1	0	0	0	0	0	3	0	0	0	0
NA18949	0	0	0	0	0	0	0	0	1	0	0	0	0
NA20783	0	0	1	0	0	1	0	0	0	0	0	0	0
HG00580	0	0	1	0	0	0	0	0	0	0	0	0	0
HG00253	0	0	0	0	1	0	1	0	0	0	0	0	0
NA18547	0	0	1	0	0	0	0	0	0	0	0	1	0
NA18546	0	1	3	0	0	0	0	0	0	0	0	0	0
HG01498	0	0	1	0	0	1	0	0	1	0	1	0	0
NA07000	1	0	4	1	0	0	0	1	0	2	0	2	0
NA19652	0	0	0	0	0	1	0	0	0	0	0	0	0
HG01271	0	0	0	0	0	0	1	0	0	0	0	0	0
HG01108	1	3	5	1	0	4	4	3	1	8	3	9	1
HG01465	0	0	0	1	0	0	1	0	0	0	0	0	0
HG00260	0	0	0	0	1	0	1	0	0	0	0	0	0
HG00553	0	0	0	0	0	0	0	0	0	2	0	0	0
NA19443	0	0	0	1	0	0	0	0	0	1	0	1	0
NA11993	0	0	1	0	0	1	0	0	0	0	0	1	0
NA18609	0	0	0	0	0	0	0	0	0	1	0	1	0
NA19380	0	0	0	0	0	0	0	0	0	0	0	1	0
NA18994	0	0	0	0	0	0	0	0	0	2	0	1	0
HG01061	0	0	0	0	0	0	0	0	0	0	0	1	0
NA19917	0	1	1	0	0	0	0	1	0	3	0	0	0
HG00620	1	0	0	0	0	0	0	0	0	0	0	0	0
NA20805	0	0	0	0	0	1	1	0	1	0	0	0	1
NA19149	0	0	2	0	0	1	1	0	1	1	0	0	0
HG00309	2	0	0	0	0	0	0	0	0	0	0	1	0
HG00134	1	0	0	0	0	0	0	0	0	0	0	0	0
HG00183	0	0	0	0	0	0	0	0	0	1	0	0	0
NA18636	0	0	0	0	1	0	0	0	0	0	0	0	0
NA19982	0	0	1	0	0	0	0	0	0	1	0	0	0
HG00244	1	1	3	1	0	0	0	1	0	2	3	6	1
NA20778	0	0	1	2	0	0	1	1	0	0	0	0	0
HG00384	0	0	2	0	0	0	0	0	0	0	1	0	2
NA19434	0	0	0	0	0	0	0	0	0	2	0	0	0
HG00359	0	0	0	0	0	0	1	0	0	1	0	0	0
HG00121	0	0	0	0	0	0	1	0	0	0	0	0	0
NA19758	0	0	0	0	0	0	0	0	0	2	0	2	1
NA20507	0	0	2	1	0	0	0	0	0	0	0	0	0
HG00372	0	0	0	0	0	0	0	0	0	2	0	0	0
HG00329	0	0	0	0	0	0	0	0	0	1	0	1	0
HG00321	0	0	0	0	0	1	0	0	0	0	0	1	0
NA18953	0	0	1	0	0	0	0	0	0	2	0	1	0
NA18757	0	0	0	0	1	0	1	0	0	0	0	0	0
HG00698	0	0	1	0	1	0	0	0	0	0	0	0	0
NA18530	0	0	1	1	0	0	0	0	0	0	0	0	0
HG01366	0	0	0	0	1	0	0	0	0	0	0	0	0
HG01104	0	1	0	0	0	0	0	0	0	0	0	0	0
NA20356	0	0	0	1	0	2	0	0	0	0	0	0	0
HG00560	0	0	3	0	0	0	0	1	0	0	0	0	0
NA19059	0	0	0	1	0	1	0	0	0	0	0	0	0
HG00446	0	0	0	0	0	0	0	0	0	0	1	0	0
NA18562	0	0	1	1	0	0	0	0	0	0	0	0	0
HG00346	0	0	1	0	0	0	0	0	0	1	0	1	0
NA19722	0	0	0	0	0	0	0	0	0	0	0	1	0
HG00566	0	0	0	1	0	0	0	0	0	1	1	0	0
NA19747	0	0	3	0	0	0	0	0	1	0	0	0	0
HG01250	0	0	1	0	0	0	0	1	0	0	0	1	0
HG00232	0	0	0	0	0	1	1	0	1	0	0	2	0
HG00375	0	0	0	1	0	0	0	0	0	1	0	1	0
HG00233	0	0	0	0	0	0	1	0	0	0	0	1	0
HG00242	0	0	0	1	0	0	0	1	0	1	0	1	0
HG01462	0	0	0	0	0	0	0	0	0	1	0	2	0
NA19660	0	0	0	0	0	0	0	0	1	1	0	0	0
HG01518	0	0	1	0	0	1	0	1	0	0	0	0	0
NA20786	0	1	2	0	0	0	0	0	0	0	0	0	0
NA18571	0	0	0	0	0	0	0	0	0	1	0	0	0
NA18641	0	0	1	0	0	0	0	0	0	0	0	0	0
NA19068	1	0	0	0	0	0	0	0	0	2	0	0	0
HG01257	1	1	0	0	0	0	0	0	0	1	0	1	0
HG01620	0	0	0	0	0	1	0	0	0	0	0	2	0
NA20502	0	0	0	0	0	1	0	0	0	0	0	0	0
HG00472	1	0	0	0	0	0	0	0	0	0	0	0	0
NA18630	0	0	0	0	0	0	0	0	0	0	0	1	0
NA19351	0	0	0	0	1	0	0	0	0	1	0	0	0
HG00342	0	0	0	0	0	0	0	0	1	0	0	0	0
NA18941	2	1	5	2	2	2	0	3	4	2	1	4	1
NA11995	1	0	1	0	0	0	1	0	0	0	0	0	0
HG00102	0	0	1	0	1	0	0	0	0	0	0	1	1
HG00318	0	0	0	1	0	0	2	0	0	0	0	2	0
HG00154	0	0	0	0	0	0	0	0	0	0	0	1	0
NA20532	0	0	0	0	0	0	0	0	0	0	0	1	0
NA07346	0	0	0	0	0	0	0	1	1	0	0	0	0
NA18946	0	0	0	0	0	0	0	1	0	0	0	0	0
HG00150	0	0	0	0	0	0	1	1	0	0	0	0	0
HG00109	0	0	0	0	0	0	0	0	0	0	0	2	0
NA19720	0	0	1	0	0	0	0	0	1	0	0	0	0
HG01356	0	0	0	0	1	0	0	0	0	0	0	0	0
HG00501	0	0	0	0	0	0	0	0	0	0	0	2	0
HG01134	0	0	1	0	0	2	2	1	1	2	0	1	0
NA11920	0	0	0	1	0	0	0	0	0	1	0	0	0
HG00403	0	0	1	3	0	1	0	0	0	1	0	1	0
NA19707	0	0	3	0	0	0	0	0	0	1	0	1	0
NA18534	0	0	0	0	1	0	0	0	0	0	0	0	0
HG00133	1	0	0	0	0	0	0	0	0	0	0	0	0
NA19131	0	0	0	0	0	1	0	0	0	0	0	1	0
HG00282	0	0	0	0	0	0	0	1	0	0	0	0	0
NA12400	0	0	0	0	0	0	0	0	0	0	0	1	1
NA20512	0	0	1	0	0	0	0	0	0	2	0	0	0
NA18989	0	0	1	0	0	0	0	1	0	0	0	1	0
HG00349	1	0	0	0	0	0	0	0	0	0	0	0	0
NA19430	0	0	0	0	0	1	0	0	0	0	0	1	0
NA19712	0	0	0	1	0	0	0	0	0	0	0	0	0
NA19225	0	0	0	0	0	1	0	0	0	0	0	3	0
NA18505	0	0	0	1	0	0	0	0	0	0	0	0	0
HG00635	0	0	0	0	0	0	0	1	0	0	0	2	0
HG01497	0	0	0	0	0	1	0	0	0	1	0	0	0
NA18528	1	0	0	0	0	0	0	0	0	0	0	1	0
HG00137	0	0	0	0	0	0	0	1	0	1	0	0	0
HG00269	0	0	3	0	0	0	0	0	0	1	0	1	0
HG01047	1	0	2	0	0	1	0	0	0	0	0	1	0
HG00404	0	0	0	2	0	0	0	0	0	1	1	0	0
HG00171	1	0	0	0	0	0	0	0	0	0	0	1	1
NA19235	0	0	0	0	0	0	0	0	1	0	1	0	0
NA19213	0	0	1	1	0	0	0	0	0	0	1	0	1
NA18856	0	0	0	0	0	0	0	1	0	1	0	0	0
HG01360	0	0	1	0	0	1	0	0	0	1	0	0	0
NA19035	0	0	0	0	1	0	0	0	0	0	0	0	0
NA18537	0	0	1	0	0	1	0	0	1	0	0	0	0
NA19448	0	0	0	1	0	0	0	0	0	0	0	0	0
HG00320	0	0	0	1	0	0	0	0	1	0	0	0	0
NA20810	0	0	0	0	0	0	0	0	0	0	0	2	0
HG00584	0	0	0	0	0	0	0	0	0	1	0	0	0
NA20348	0	0	0	1	0	2	0	0	0	0	0	0	0
NA18539	1	1	5	0	2	2	3	1	0	3	1	3	3
NA18999	0	0	0	0	0	0	1	0	1	1	0	1	0
NA20519	0	0	0	0	0	1	0	0	0	0	0	0	0
NA18555	0	1	0	0	0	0	0	0	0	0	0	0	0
NA20322	0	0	2	0	1	0	0	0	0	0	0	1	1
NA20127	0	0	1	0	0	0	0	1	0	0	0	0	0
HG00100	0	0	0	0	0	0	0	0	0	1	0	0	0
NA18557	0	0	0	1	0	0	0	0	0	0	0	0	0
NA11893	0	0	0	0	0	0	0	0	0	1	0	0	0
HG00628	0	0	0	0	0	0	0	0	0	0	0	1	0
NA18525	0	0	0	0	1	1	1	0	1	4	1	0	0
NA19749	0	0	0	0	0	0	0	0	0	0	0	1	0
HG00736	0	0	0	0	0	0	0	1	0	0	0	1	1
HG01168	0	0	1	0	0	0	0	0	0	0	0	0	0
NA18608	0	0	0	1	0	0	0	0	0	0	0	0	0
HG00190	0	0	0	0	0	0	0	0	0	1	0	1	0
HG01623	0	1	0	0	1	1	0	1	0	0	0	0	0
NA18489	0	0	0	0	0	2	0	0	0	0	0	0	0
HG00565	0	0	1	0	0	1	0	0	0	0	0	0	0
HG00732	0	0	0	0	0	0	0	0	0	0	2	0	0
NA19002	0	0	0	0	1	0	0	0	0	0	0	1	0
NA20828	0	0	1	0	0	2	0	0	0	0	0	0	0
HG00583	0	0	2	0	1	0	0	1	0	0	0	0	0
NA20282	1	0	0	0	1	0	1	0	0	1	0	0	0
NA19429	0	0	0	0	0	1	0	0	0	0	0	0	0
NA19783	0	0	2	0	0	0	0	0	0	0	0	0	0
NA19900	0	0	0	0	1	0	0	0	0	2	0	0	0
HG01137	0	0	0	0	0	1	1	0	0	0	1	0	1
NA18748	0	0	0	0	1	0	1	0	0	1	0	0	0
NA19041	0	0	1	1	0	0	1	0	0	0	0	0	0
NA20813	0	0	1	1	1	1	0	1	0	0	1	0	0
NA18617	0	0	0	0	0	0	1	0	0	0	0	2	1
HG00330	0	0	0	0	0	0	0	0	0	0	0	0	1
HG00125	0	1	0	0	0	0	0	0	1	0	0	1	0
NA18560	0	0	1	0	0	0	0	0	0	0	0	0	0
HG00704	0	0	0	0	0	0	0	1	0	0	0	0	0
HG01140	0	0	1	0	0	0	1	0	0	0	0	0	0
HG01188	0	0	0	1	1	0	0	0	0	0	0	1	0
NA06986	0	0	0	0	1	0	0	0	0	0	0	0	0
NA18982	1	0	0	0	1	0	0	2	0	2	0	0	0
NA19346	0	0	0	0	0	0	0	0	0	0	0	2	0
HG00278	0	0	0	0	0	0	0	0	0	0	0	1	0
NA20755	0	0	1	0	0	0	0	0	0	0	1	0	1
NA11830	0	0	1	1	1	1	0	0	0	0	0	2	0
NA18552	0	0	0	0	0	0	0	0	0	0	0	1	1
HG00151	0	1	0	0	0	0	0	0	0	0	0	0	0
NA20538	0	0	1	0	0	0	1	0	0	0	0	0	0
HG01075	0	1	0	0	0	0	0	0	0	0	0	0	0
NA19819	0	0	0	0	0	0	0	0	0	0	0	2	1
HG00250	0	0	1	0	0	0	0	0	0	0	1	0	0
NA18592	0	0	0	0	0	0	1	0	0	0	0	0	0
NA19256	0	0	3	0	0	0	2	0	0	0	0	0	1
NA12043	0	0	1	0	0	0	1	0	0	0	0	0	0
HG00152	1	0	2	0	0	0	0	0	0	1	1	1	0
NA12287	0	0	0	0	0	0	0	0	0	1	1	0	0
HG00113	2	0	0	0	1	2	0	0	0	0	0	1	1
NA11919	1	0	0	0	0	0	0	1	0	0	0	0	0
NA19373	0	0	0	0	0	0	0	0	0	0	1	0	0
NA20795	0	0	0	0	0	0	0	0	0	0	0	1	0
NA19072	0	1	0	0	0	0	1	0	0	1	0	0	0
HG00129	1	0	0	0	1	0	0	0	0	0	0	2	1
HG00124	0	0	0	0	0	1	0	0	0	1	0	1	0
NA19222	0	0	0	0	1	0	0	0	0	0	0	1	0
NA19759	0	0	0	0	0	0	0	0	0	0	0	1	0
HG00273	1	0	1	0	0	0	0	0	0	0	0	1	0
HG00186	0	0	0	0	0	0	0	0	0	1	0	0	0
HG00619	0	0	0	0	0	0	0	1	0	0	1	0	0
NA19921	0	0	0	0	0	0	0	0	0	1	0	1	0
HG00123	0	0	0	2	1	0	0	0	0	1	0	0	0
HG01350	0	0	0	0	0	0	0	1	0	0	0	1	0
HG00653	0	0	0	1	0	0	0	0	0	0	0	1	0
NA20772	0	0	1	0	0	0	0	0	0	0	0	0	0
NA18998	0	0	0	0	0	0	1	0	0	0	0	0	0
NA19740	0	0	1	0	0	0	1	0	0	0	0	1	0
NA19786	0	0	0	0	0	1	2	0	0	1	0	1	0
NA18933	1	0	0	0	0	0	0	0	0	0	0	0	0
NA18566	0	0	0	0	0	0	0	0	0	0	0	1	0
NA20808	0	0	0	1	0	0	1	0	0	0	0	3	0
NA19746	1	0	1	0	0	1	0	0	0	0	0	1	2
HG01550	0	0	0	0	1	0	0	0	0	1	1	1	0
NA12413	1	0	0	0	0	0	0	0	0	0	0	0	0
NA19729	0	0	1	0	0	2	0	0	0	0	0	0	0
NA20757	0	0	1	0	0	0	1	1	0	0	0	2	0
HG00637	1	0	0	0	1	0	0	0	0	1	0	0	0
NA19396	0	0	0	0	0	0	0	0	0	0	0	0	1
NA12399	0	0	0	0	0	0	1	0	0	0	0	0	0
HG00136	0	0	1	0	0	1	0	1	0	0	0	3	0
NA20544	0	0	0	0	0	1	0	0	1	0	0	0	0
NA20296	0	0	1	0	0	1	0	0	0	0	0	1	0
HG00377	1	1	3	0	1	0	0	1	1	1	1	5	0
HG00581	0	0	0	0	0	0	0	0	0	2	1	0	0
NA19070	0	0	1	0	0	0	0	0	0	0	0	2	0
NA19381	0	0	0	0	0	0	0	0	0	0	0	1	0
HG00690	0	0	1	0	0	0	0	0	1	1	0	0	0
HG00590	0	0	0	0	0	0	0	2	0	0	0	0	0
NA18740	0	0	0	0	0	0	0	0	1	1	0	0	0
NA19334	0	0	1	0	0	0	0	0	0	1	0	2	0
HG00369	0	0	0	1	0	1	0	0	0	0	0	0	0
NA18971	0	0	2	0	0	0	0	0	0	0	0	0	0
NA18550	0	0	0	0	0	0	1	1	0	0	0	0	0
HG00116	0	0	0	1	0	1	0	2	0	0	0	0	0
HG00263	0	0	0	0	0	0	1	3	0	1	1	0	0
NA19108	0	0	0	0	0	1	1	0	0	1	1	0	0
HG01389	0	0	1	0	0	0	0	1	0	0	0	1	0
NA19315	0	0	0	0	0	0	0	0	0	1	0	0	1
HG00613	0	0	1	1	0	0	0	0	1	0	0	1	0
NA20540	0	0	2	0	0	0	0	0	0	0	0	0	0
NA19738	0	0	0	0	0	0	0	0	0	2	0	0	0
NA07347	0	0	0	0	0	0	0	0	0	0	0	1	0
NA20513	0	0	1	0	0	0	0	0	0	0	0	2	0
HG00257	0	0	0	0	1	0	0	1	0	0	0	0	0
NA19347	0	0	0	1	0	0	0	0	0	0	0	1	0
NA18565	0	0	0	0	0	0	0	0	0	0	0	1	0
NA18948	0	0	1	0	0	0	0	0	1	0	0	0	0
HG00284	0	0	0	0	0	0	0	0	0	0	0	1	0
HG01125	0	0	0	0	0	0	0	0	1	0	0	1	0
HG00662	0	0	1	0	0	0	0	0	0	0	0	1	2
HG00707	0	0	0	0	0	1	0	0	0	1	0	0	0
NA19471	0	0	0	1	0	0	2	0	0	1	0	0	0
NA18992	0	0	0	0	1	0	1	0	0	0	0	0	0
NA18965	0	0	1	0	1	0	0	0	0	0	0	0	0
NA18597	0	0	2	0	0	0	0	0	0	0	0	1	0
NA19076	0	0	1	1	0	0	0	0	0	0	0	0	0
NA19679	0	0	1	1	0	0	0	0	0	0	0	2	0
NA18956	0	0	0	0	0	0	0	0	0	0	0	1	0
NA19044	0	0	0	0	1	0	2	0	0	1	0	0	0
NA12777	0	0	1	0	0	0	0	0	0	0	0	0	0
NA20508	0	0	0	0	0	1	0	0	0	0	0	1	0
NA20524	0	0	3	1	1	1	1	0	0	0	0	0	0
NA12004	0	0	0	1	0	0	0	2	0	1	0	0	0
HG00578	0	0	1	1	0	0	0	0	0	0	0	2	0
HG00249	0	0	0	0	0	0	1	2	0	0	0	0	0
HG01079	0	0	0	0	0	0	0	0	0	0	0	1	0
NA19761	0	0	0	0	2	0	0	0	0	0	0	2	0
NA19374	0	0	1	0	0	0	0	0	0	0	0	0	0
HG00285	0	0	0	0	0	0	0	0	0	1	0	1	0
NA20530	0	0	0	0	0	0	0	0	0	0	0	1	0
NA18939	0	0	0	0	0	0	1	0	0	0	0	0	0
HG00610	0	0	0	1	0	0	0	0	0	1	0	0	0
NA19440	0	0	0	1	0	1	0	0	0	0	0	1	0
NA19463	0	0	1	0	0	0	0	0	0	0	0	1	0
NA18962	0	0	1	1	0	0	1	1	1	2	0	2	0
NA06989	0	0	0	0	0	0	0	2	0	1	0	2	0
NA18544	0	0	0	0	0	0	0	0	0	0	0	1	0
NA20537	1	0	0	0	0	0	0	1	0	0	0	0	0
HG00127	0	0	0	1	0	1	0	0	0	1	0	3	0
HG00452	0	0	0	0	0	1	0	0	0	0	0	0	0
NA18981	0	0	0	0	0	0	0	0	0	1	0	0	0
NA20314	2	0	0	1	2	0	0	0	0	3	0	1	0
NA18945	0	0	1	0	0	0	0	0	0	1	0	0	0
NA18570	0	0	1	0	0	0	0	0	1	0	0	0	0
NA18634	0	0	1	0	0	0	0	0	0	1	0	1	0
HG00740	1	1	5	3	1	2	7	4	1	3	1	11	3
HG00702	0	0	0	0	0	0	0	0	0	1	0	1	0
NA19728	0	0	0	0	0	0	0	0	0	0	0	1	0
NA20517	0	0	0	0	0	0	1	0	0	2	1	2	0
NA12144	0	1	1	0	0	0	0	0	0	0	0	2	0
HG01251	0	0	2	0	0	0	0	0	0	0	0	2	0
NA19117	0	0	0	1	0	2	0	0	0	1	0	0	0
NA19777	1	0	1	0	0	0	1	0	0	0	0	1	0
NA18577	1	0	0	0	0	0	1	1	0	1	0	0	0
HG00315	1	0	2	0	0	0	0	0	0	0	0	0	0
HG00156	0	0	0	0	0	0	0	0	0	0	1	2	0
NA19057	0	0	0	0	0	0	0	1	0	0	0	1	0
HG00265	0	0	0	1	1	0	1	0	0	0	0	0	0
NA19099	0	0	0	0	0	0	0	0	0	0	0	1	0
HG01112	0	0	1	1	0	2	0	0	0	0	0	0	0
NA20317	0	1	1	0	0	0	0	0	0	1	0	1	1
NA20771	0	0	0	0	1	0	0	0	2	0	0	1	0
NA20792	0	0	0	0	1	0	0	0	0	0	1	0	0
NA18545	1	0	2	0	0	0	0	0	0	1	0	0	0
HG01102	0	0	0	0	0	0	0	0	0	0	0	1	0
HG00326	0	0	0	0	1	0	0	0	0	2	0	0	0
NA19394	1	0	0	1	0	0	0	0	0	0	0	1	0
NA19130	0	0	0	1	0	0	0	0	0	2	1	0	0
NA18853	1	0	1	0	0	0	0	0	1	1	0	0	0
NA19397	0	0	0	0	0	0	0	0	0	0	0	1	0
HG01259	0	0	0	1	0	0	0	0	1	0	1	0	1
NA19318	0	0	0	2	1	0	0	1	0	0	0	0	1
NA20339	1	0	0	0	0	1	0	0	0	1	0	0	0
NA18943	0	0	0	1	0	0	0	0	0	0	1	0	0
NA19150	0	0	1	0	0	1	2	1	0	0	0	2	0
HG01440	1	1	0	0	0	1	1	1	0	1	0	0	0
NA20515	0	0	1	0	0	0	0	0	0	0	0	0	0
NA18486	0	0	0	0	0	1	0	1	0	0	0	1	0
NA20753	0	0	0	0	0	0	0	0	0	3	0	1	0
HG00310	0	0	0	0	0	0	0	0	0	0	0	0	1
NA07037	0	0	0	0	0	0	0	0	0	0	0	1	0
NA19664	0	0	1	0	0	0	0	1	0	0	0	0	0
HG00536	0	0	0	0	0	0	0	0	1	1	0	3	0
NA12750	0	0	0	1	0	1	0	0	0	1	1	0	0
NA12775	0	0	0	0	0	0	0	0	1	1	0	1	0
HG01048	0	0	0	1	0	0	1	0	0	0	0	0	1
NA19010	0	0	1	0	0	0	0	0	0	0	0	0	0
HG00731	0	0	0	0	0	0	1	0	0	2	0	1	0
NA12282	0	1	3	1	0	0	0	1	1	2	0	3	0
HG01374	0	0	3	1	0	1	0	0	0	1	0	1	2
HG01136	0	0	1	0	0	1	0	1	0	1	0	1	0
NA19731	0	1	0	0	0	0	1	0	0	0	0	0	1
NA19403	0	0	0	0	0	0	0	1	0	0	0	0	0
HG00323	0	0	0	0	0	0	0	1	0	0	0	3	0
NA19390	0	0	0	0	0	0	0	1	0	0	0	0	0
NA12155	0	0	1	1	0	0	0	0	1	0	0	1	0
NA18867	0	0	0	0	0	0	0	0	0	0	0	1	0
NA19350	0	1	0	0	0	0	0	0	0	3	0	0	0
HG00155	0	0	2	1	0	0	0	0	0	4	0	2	0
NA19004	0	0	3	0	0	0	0	0	0	1	1	1	0
HG01618	0	0	0	0	0	0	0	0	1	0	0	0	0
NA19922	0	0	0	1	0	0	1	0	0	0	0	0	0
NA19055	0	0	0	0	0	0	0	1	0	0	0	0	0
NA19735	0	0	0	0	0	0	0	0	0	1	0	0	0
HG00692	0	0	0	1	0	0	0	0	0	1	0	0	0
NA12718	0	0	0	1	0	0	0	0	0	1	0	1	0
NA20804	0	0	0	1	0	0	0	0	0	0	0	1	0
NA19716	0	0	1	3	0	2	1	1	1	0	0	2	1
HG00693	0	0	1	0	1	1	0	0	0	0	0	0	1
NA18532	0	0	1	0	0	0	0	0	0	0	1	0	1
NA19914	0	0	0	0	0	0	0	1	0	0	0	2	0
NA19785	0	0	0	0	0	0	0	0	0	0	0	1	0
NA18507	0	1	0	0	1	0	0	0	0	0	0	0	0
HG00178	0	0	0	0	0	0	0	0	0	0	0	1	2
HG00174	0	0	1	1	0	0	1	1	0	0	0	0	0
HG00650	0	0	0	0	0	0	0	0	0	0	0	0	1
HG00120	0	0	0	0	0	0	0	0	0	1	0	0	0
HG00274	0	0	0	0	0	0	0	0	0	2	0	1	0
NA18917	0	0	0	2	0	0	1	0	0	0	0	0	0
NA20826	0	0	3	0	0	1	1	0	0	0	0	0	0
NA18977	0	0	0	0	0	0	0	0	1	0	0	0	0
HG01365	0	0	0	0	0	0	0	0	0	0	0	0	2
NA18973	1	0	0	0	0	0	0	0	0	0	0	0	0
NA20756	0	0	0	0	0	0	1	0	0	0	0	1	2
NA19308	0	0	1	1	0	0	2	0	0	1	0	0	0
NA10851	1	0	0	0	0	0	0	0	0	0	0	0	0
HG01353	1	0	1	0	1	1	0	0	0	0	1	3	0
NA19717	0	1	0	0	0	0	0	1	0	0	0	0	0
NA19439	0	0	0	1	0	0	0	0	0	0	0	0	0
NA18643	0	0	0	0	0	1	0	0	0	1	0	0	0
NA19752	0	0	0	0	0	0	1	0	0	0	0	0	0
NA18622	0	0	0	0	0	0	0	0	0	0	0	2	0
NA19311	0	0	0	0	0	0	0	0	0	1	0	1	0
NA12044	0	0	1	0	0	0	0	0	1	2	1	2	0
NA19107	0	0	0	0	0	0	1	0	0	0	0	1	0
HG00189	0	0	0	0	0	0	0	0	0	2	0	0	0
NA18995	0	0	0	0	0	0	1	0	0	0	0	0	0
NA20582	1	0	0	0	0	0	0	0	0	0	0	1	1
HG00266	0	0	0	0	0	0	0	0	1	0	0	0	0
NA20811	0	0	2	0	0	0	1	0	0	0	0	0	0
NA07048	0	0	1	0	0	0	0	0	0	1	1	4	0
HG00256	0	0	1	0	0	0	0	0	1	0	0	0	0
NA19046	0	0	0	1	0	0	1	0	0	0	0	0	0
HG00640	0	0	0	0	0	0	1	0	0	0	0	2	0
HG00382	0	0	0	0	0	0	0	1	0	0	0	0	0
HG00135	0	0	1	0	0	0	0	0	0	0	0	1	1
NA18983	0	0	0	0	0	1	0	0	0	0	0	4	0
NA19102	0	0	0	1	0	0	0	0	0	1	0	0	0
HG01551	0	0	0	2	0	0	0	0	0	1	0	0	0
NA20766	0	0	0	0	0	0	0	0	0	0	0	1	0
NA18874	0	0	2	2	0	0	0	1	0	2	0	0	0
NA19774	0	0	2	0	0	0	0	0	1	0	0	0	0
NA19461	0	0	1	0	0	0	0	0	0	1	0	0	0
HG00554	0	0	2	1	0	1	1	1	0	0	0	0	0
NA19391	0	0	0	1	0	0	0	0	0	1	0	0	0
HG00596	0	0	0	1	0	0	0	0	0	0	1	0	0
NA20765	0	0	0	0	0	0	0	0	0	1	0	0	0
HG00656	0	0	0	0	0	1	0	0	0	0	0	0	1
NA20806	0	0	0	0	0	0	0	0	0	1	0	0	0
HG00122	0	0	1	0	0	0	0	0	0	0	0	1	0
NA19359	0	0	0	0	0	0	0	0	0	1	0	0	0
HG00160	0	0	0	0	0	0	0	0	0	1	1	0	1
NA20588	1	0	0	0	0	0	0	0	0	0	0	2	0
NA20334	0	0	0	0	0	0	0	0	0	0	0	1	0
NA12843	0	0	1	0	0	0	0	0	0	0	0	1	1
HG00478	0	0	0	0	0	0	0	0	0	1	0	0	0
NA19788	0	0	3	0	0	1	0	1	0	0	0	2	1
NA19909	0	0	0	0	0	0	0	0	1	1	0	0	0
HG00336	0	0	0	0	0	0	0	0	0	1	0	0	0
NA18538	1	0	1	1	0	0	0	1	1	0	0	0	0
NA20126	0	0	2	0	1	0	0	0	0	0	0	1	0
HG00118	0	0	0	0	1	0	0	0	0	0	0	0	0
NA19236	1	0	0	0	1	0	0	0	0	0	0	1	0
NA19332	0	0	0	0	0	0	1	0	0	1	0	0	0
NA20359	0	0	1	0	0	0	0	0	0	0	0	1	0
NA18510	0	0	1	2	0	0	0	0	0	0	0	0	0
HG01097	0	0	0	0	0	0	0	0	0	0	0	2	0
NA20754	0	1	1	0	1	0	0	0	1	0	0	2	0
NA18631	0	0	1	0	0	0	0	0	0	0	0	0	0
NA18870	0	0	0	0	0	0	0	0	0	0	1	0	1
NA19189	0	0	0	0	0	1	0	0	0	0	0	1	0
NA19257	1	0	0	0	0	0	0	0	0	2	0	0	0
HG00334	0	0	0	0	0	0	0	0	0	1	0	0	0
NA12763	0	0	0	0	0	0	1	0	0	0	0	1	0
NA18960	0	0	2	0	0	0	0	1	0	2	0	3	0
NA20803	0	0	0	1	0	0	0	0	0	0	0	0	0
HG01272	0	0	0	0	0	0	1	0	0	0	0	2	0
NA18504	0	0	1	0	0	0	0	0	0	0	0	0	0
NA20363	0	0	0	0	0	0	1	0	0	0	0	0	0
NA18499	0	0	1	0	0	0	0	0	0	1	0	1	0
NA12006	0	0	0	0	0	0	0	1	0	1	0	0	0
NA19916	0	0	0	1	0	0	0	0	0	0	0	0	0
NA19064	0	0	0	0	0	0	0	0	0	0	0	2	0
HG00131	1	0	1	0	0	0	0	0	0	0	0	0	0
HG00614	0	0	0	0	0	1	1	0	0	1	0	0	0
NA19038	0	0	0	0	0	0	1	0	0	0	0	0	0
NA18959	1	0	0	1	0	1	0	0	0	0	0	2	1
NA12342	0	0	1	0	0	0	1	0	0	1	0	0	0
HG00271	0	0	0	0	0	0	0	1	0	0	0	2	0
HG00141	0	1	0	0	0	1	0	0	0	0	0	0	0
NA19352	0	0	0	1	0	0	0	1	0	0	1	0	0
NA19404	1	0	0	1	0	0	0	0	0	0	0	0	0
NA18626	0	0	1	1	0	0	0	0	0	0	0	0	0
NA19445	0	1	0	0	1	0	0	0	0	1	0	2	0
NA19456	0	0	0	1	0	1	0	0	0	0	0	0	0
NA19054	0	1	0	0	1	0	0	0	0	0	0	0	0
HG00149	0	0	1	0	1	0	0	0	0	1	0	0	0
NA19449	0	0	0	0	0	0	0	1	0	0	0	0	0
NA12778	0	0	0	0	0	0	0	0	0	2	0	0	0
HG00651	0	0	0	0	2	0	0	0	0	0	0	0	0
HG00337	0	0	1	0	0	1	0	0	0	0	0	1	0
NA18871	0	0	1	0	0	1	0	0	0	0	1	0	0
NA19395	1	0	0	0	0	0	0	0	0	0	0	0	0
NA19012	3	1	3	0	1	3	0	3	1	1	0	2	1
HG00356	0	0	0	0	0	0	0	0	0	2	0	0	0
NA18606	0	0	0	0	0	0	0	1	0	0	0	0	0
NA18593	0	0	0	0	0	0	0	0	0	0	0	1	0
HG00407	0	0	0	0	0	0	0	0	0	0	0	1	0
HG00179	0	0	0	1	0	0	0	0	0	1	0	1	1
NA11918	1	0	0	0	0	0	0	0	0	0	0	1	0
HG00338	0	0	0	0	0	0	0	0	0	1	0	1	0
NA20510	0	0	0	1	0	2	0	0	0	0	0	0	1
HG00525	0	0	1	0	0	0	0	0	0	0	0	0	0
NA18543	0	0	0	0	0	0	0	0	1	0	0	0	0
NA19360	1	0	0	0	0	0	0	0	0	0	0	0	1
NA18966	0	0	0	0	0	0	1	0	0	0	0	0	0
NA20506	0	0	0	0	0	0	0	0	0	0	0	0	1
NA12761	0	0	0	0	0	0	0	0	0	0	0	1	0
HG01521	1	0	1	0	0	0	0	0	0	1	0	1	0
NA19085	2	0	0	1	2	1	0	3	1	1	0	2	1
HG00103	0	0	0	0	0	1	1	0	0	0	0	0	0
NA12717	0	0	0	0	0	0	0	0	1	0	0	1	0
NA19732	0	0	1	0	0	0	1	0	0	0	0	0	0
NA18536	0	0	0	0	1	0	0	0	0	1	0	0	0
NA19431	0	0	0	0	0	0	0	0	0	2	0	0	0
NA18520	0	0	0	0	0	0	0	0	0	0	0	1	0
HG00117	0	1	1	0	0	0	0	0	0	0	0	1	0
NA19198	0	0	0	0	0	1	0	1	0	1	0	1	0
NA19093	0	0	3	1	0	0	0	0	0	0	0	0	0
NA18910	0	0	0	3	1	1	0	0	0	1	0	0	0
HG01170	0	0	0	1	0	0	0	0	0	0	0	1	1
NA18868	0	0	0	0	0	0	0	0	0	0	0	1	0
NA19794	1	0	0	0	0	0	1	0	0	0	0	0	0
NA18558	0	0	1	0	0	0	1	0	0	0	0	0	0
HG01070	0	0	0	0	0	0	0	0	0	0	0	1	0
NA19725	0	0	0	0	0	2	0	0	0	0	0	0	0
HG00245	1	0	3	1	0	1	1	0	0	0	1	0	0
NA12045	0	0	0	0	2	0	0	1	0	0	0	1	0
NA20801	0	0	0	0	0	1	0	0	0	1	0	1	0
HG00187	0	0	1	1	0	0	0	0	0	0	1	1	0
NA19779	0	0	0	0	0	0	1	0	0	0	0	0	0
NA20289	0	0	1	1	0	0	0	0	0	0	0	0	0
NA19185	0	0	0	0	0	0	0	0	0	1	0	2	0
HG00276	0	0	0	1	0	0	0	0	0	0	0	0	0
NA19200	0	0	0	0	0	0	0	0	0	1	0	0	0
NA12827	0	0	0	0	0	0	0	0	1	0	0	0	0
NA18508	0	1	1	0	0	0	0	0	0	0	0	0	0
NA19080	0	0	1	0	0	0	0	0	0	0	0	0	0
NA18549	0	0	0	0	0	0	0	0	0	0	0	0	1
NA20536	0	0	0	1	0	1	1	0	1	0	0	0	0
